salutation,firstName,lastName,phone,leadSource,industry,leadStatus,email
Mr,sample,data 345,8870339850,Web,Agriculture,Working-Contacted,suresh@gmail.com
Mr,sample,data 346,8870339850,Web,Agriculture,Working-Contacted,pravinsf24@gmail.com
Mr,sample,data 347,8870339850,Web,Agriculture,Working-Contacted,pravinsf24@gmail.com
Mr,sample,data 348,8870339850,Web,Agriculture,Working-Contacted,pravinsf24@gmail.com
Mr,sample,data 349,8870339850,Web,Agriculture,Working-Contacted,suresh@gmail.com
Mr,sample,data 350,8870339850,Web,Agriculture,Working-Contacted,pravinsf24@gmail.com
Mr,sample,data 351,8870339850,Web,Agriculture,Working-Contacted,pravinsf24@gmail.com
Mr,sample,data 352,8870339850,Web,Agriculture,Working-Contacted,pravinsf24@gmail.com
Mr,sample,data 353,8870339850,Web,Agriculture,Working-Contacted,suresh@gmail.com
Mr,sample,data 354,8870339850,Web,Agriculture,Working-Contacted,pravinsf24@gmail.com
Mr,sample,data 355,8870339850,Web,Agriculture,Working-Contacted,pravinsf24@gmail.com
Mr,sample,data 356,8870339850,Web,Agriculture,Working-Contacted,pravinsf24@gmail.com
Mr,sample,data 357,8870339850,Web,Agriculture,Working-Contacted,suresh@gmail.com
Mr,sample,data 358,8870339850,Web,Agriculture,Working-Contacted,pravinsf24@gmail.com
Mr,sample,data 359,8870339850,Web,Agriculture,Working-Contacted,pravinsf24@gmail.com
Mr,sample,data 360,8870339850,Web,Agriculture,Working-Contacted,pravinsf24@gmail.com
Mr,sample,data 361,8870339850,Web,Agriculture,Working-Contacted,suresh@gmail.com
Mr,sample,data 362,8870339850,Web,Agriculture,Working-Contacted,pravinsf24@gmail.com
Mr,sample,data 363,8870339850,Web,Agriculture,Working-Contacted,pravinsf24@gmail.com
Mr,sample,data 364,8870339850,Web,Agriculture,Working-Contacted,pravinsf24@gmail.com
